resid,resname,occ_mean,occ_sd,ci_low,ci_high
26,GLU,0.0022621687831216836,0.0008481333266454827,0.0010272770216939904,0.004622588406911914
27,LYS,0.0015358814118588162,0.0006706015615753022,0.0004409749444328811,0.003297697413422113
28,VAL,0.0019053244675532495,0.0012360171280096184,0.000154984501549845,0.005798096629194252
29,LEU,2.5157484251574773e-05,2.045505333328238e-05,0.0,0.00012149337379223132
30,GLU,0.0002044795520447954,0.00015324356865847714,2.9997000299970004e-05,0.0008251981606490729
31,GLN,0.0037921007899210054,0.0024089200316289544,0.0006105506585649418,0.013738348134601192
32,ALA,9.080091990800983e-05,8.917290427258692e-05,0.0,0.00047216645694905205
33,VAL,0.0,0.0,,
34,ILE,0.0025765123487651253,0.002036850427286288,0.000274972502749725,0.010863654495652814
35,ASP,0.001553374662533747,0.0007736080262754655,0.000384961503849615,0.003602292710399561
36,MET,4.035596440355912e-05,3.963240189892755e-05,0.0,0.00020985175864402314
37,GLN,0.000606294370562944,0.00043306172605854265,7.999200079992e-05,0.0022912516370598166
38,GLU,0.008302794720527926,0.006431354293464746,0.00097990200979902,0.03359301204978352
39,ASP,0.0006888361163883613,0.000359704824277375,1.4998500149985002e-05,0.0015856421814252012
40,LEU,5.154484551544774e-06,4.966962478285032e-06,0.0,2.4997500249975e-05
41,VAL,0.0027995350464953463,0.0021082435314595553,0.00015998400159984,0.011043895610438956
42,GLN,0.006754984501549836,0.005330303994664026,0.00030332406302426923,0.028187909407488318
43,LEU,5.04449555044489e-06,4.954050237365944e-06,0.0,2.6231469830502892e-05
44,ARG,0.00024693030696930276,0.00012514285652136454,6.499350064993501e-05,0.0006276171103606627
45,GLN,0.010757669233076694,0.008592375778294428,0.00048995100489951,0.044973398664942425
46,ALA,3.0486951304869225e-05,2.1401551536188177e-05,0.0,0.0001060720927031846
47,VAL,0.0,0.0,,
48,ALA,0.001442385761423861,0.001190819994941469,0.0,0.00618938106189381
49,ARG,0.013179302069792984,0.01059089197483899,4.999500049995e-05,0.05520947905209479
50,THR,5.154484551544774e-06,4.966962478285032e-06,0.0,2.4997500249975e-05
51,ILE,2.5432456754324453e-05,1.341938423011537e-05,4.999500049995001e-06,6.499350064993501e-05
52,ALA,0.001362213778622138,0.0011472242703141127,9.999000099990002e-06,0.0059685541946283135
53,GLU,0.0031265623437656256,0.002774599736016853,9.999000099990002e-06,0.014292383226237665
54,GLU,4.979502049794961e-06,5.011955759323959e-06,0.0,2.671867937205164e-05
55,LYS,0.0010053544645535453,0.00060882634964753,0.00010498950104989501,0.0028909638346493708
56,ARG,0.018309239076092432,0.013437091128545357,0.00070992900709929,0.07022953048517082
57,THR,1.0308969103089547e-05,9.933924956570064e-06,0.0,4.999500049995e-05
58,GLU,0.0001817418258174187,0.00011185219491813756,3.999600039996e-05,0.0005999400059994
59,GLN,0.007269953004699544,0.0044706690148634065,0.0006721854983424968,0.02126219399954105
60,ARG,0.012841250874912514,0.009011865909007122,0.00031496850314968494,0.04652307736894218
61,LEU,5.04449555044489e-06,4.954050237365944e-06,0.0,2.6231469830502892e-05
62,ASN,0.001135176482351765,0.0006557871552947119,0.00013498650134986502,0.003094731578309768
63,GLN,0.013035936406359376,0.008656450972274079,0.002234776522347765,0.04531376275851235
64,ASP,0.0016842665733426561,0.0011395642535081362,2.4997500249975e-05,0.0053519537446752455
65,THR,3.485651434856533e-05,3.508369031526788e-05,0.0,0.00018703075560436147
66,GLN,0.0032074442555744434,0.001838281424251337,0.000808356280721704,0.00971376364151643
67,GLU,0.009907759224077602,0.006937672886277566,0.00070992900709929,0.03615138486151385
68,ALA,0.0,0.0,,
69,LYS,0.00048207179282071727,0.0003201533595241033,7.4992500749925e-05,0.0017348265173482646
70,LYS,0.007578647135286482,0.0052534130709523,0.0012440522203240791,0.028183395025808612
71,TRP,0.0034425607439256102,0.002519641426196278,8.499150084991501e-05,0.01314058818137417
72,GLU,0.0006402409759024104,0.0004606001457680188,1.4998500149985002e-05,0.002283638717196757
73,ASP,0.0019417858214178544,0.0007774006855499963,0.0006502981719808257,0.003900175462612448
74,ARG,0.013881831816818298,0.008262803261515905,0.0035874955367138973,0.04445441838856466
75,ALA,0.0,0.0,,
76,LYS,0.002895025497450256,0.002367396162954612,0.00039496050394960505,0.013217430097739437
77,LEU,0.008264903509649025,0.003352129094735584,0.0035429324032586287,0.019697974336060686
78,ALA,0.0,0.0,,
79,LEU,0.005553654634536546,0.002915584271877964,0.0018601399341822008,0.01602380015024049
80,THR,0.01445061493850614,0.003882790784013592,0.00842878972026561,0.02441270701762531
81,ASN,0.024556124387561228,0.005667772062242133,0.014965572249394566,0.03814719544041899
82,GLY,0.009079532046795308,0.002745053222059487,0.005197431916472781,0.016947568016591384
83,GLU,0.014564663533646646,0.004747032344550599,0.007452849931068369,0.026617132540152418
84,GLU,0.009952104789521053,0.003497131940498779,0.0045998650027244065,0.019393959215149904
85,ASN,0.01240061493850614,0.0041917037319763265,0.006154384561543845,0.02511590288094146
86,LEU,0.005618538146185378,0.002949113979007565,0.0015979802074147825,0.01536735905655616
87,ALA,0.0,0.0,,
88,ARG,0.011807234276572343,0.005518666536758129,0.0039839073782796715,0.028827092661111723
89,GLU,0.007251884811518843,0.0027201867631992433,0.00318968103189681,0.014493361001610678
90,ALA,0.0,0.0,,
91,LEU,0.0016966503349665043,0.001457780587327011,9.999000099990002e-06,0.007930973217225459
92,ALA,0.0009513148685131477,0.0005998063390586574,0.00011498850114988501,0.0028983344334932593
93,ARG,0.005527257274272565,0.0039009884149928337,0.0010672256387270062,0.02109536613350285
94,LYS,0.00015003499650034983,0.00011194876462930264,0.0,0.000550612295630037
95,LYS,0.005752849715028489,0.003994187239109657,7.999200079992e-05,0.01749159034160012
96,SER,0.0010012748725127488,0.0005136760408775163,0.00026997300269973005,0.002607663641671833
97,LEU,0.00020908409159084128,0.0001649226750151788,9.999000099990002e-06,0.0008722508164118397
98,THR,0.0003748275172482741,0.00029024923510166575,0.0,0.0015841035607452596
99,ASP,0.00416369863013698,0.0028753127049399372,7.4992500749925e-05,0.012591986247271486
100,THR,0.0008249075092490758,0.0005062190284405854,0.00012998700129987002,0.0025856616683360427
101,ALA,0.0,0.0,,
102,ALA,0.0011023397660234002,0.0007718448070838938,9.99900009999e-06,0.0035598468473593643
103,ALA,0.0004910558944105592,0.00033145484564522454,1.999800019998e-05,0.0015359847010745253
104,TYR,0.0022609539046095405,0.0016028581094595434,2.9997000299969997e-05,0.008258448318028903
105,GLN,0.000606874312568742,0.00042891781511722406,0.0,0.0018798120187981198
106,THR,0.0033147535246475374,0.002285056585029467,0.00011498850114988501,0.010493843630387625
107,GLN,0.0008798870112988694,0.0004939712813923106,0.00014998500149985,0.0023618808903691705
108,LEU,0.0,0.0,,
109,ALA,0.0005770622937706235,0.00041165520257096134,0.0,0.0018467351993143612
110,GLN,0.0028197130286971334,0.0021502533048278582,0.00028997100289971,0.013157353990468499
111,GLN,3.092690730926889e-05,2.9801774869710047e-05,0.0,0.00014998500149985
112,ARG,0.00017534746525347487,0.00012278825760119082,9.99900009999e-06,0.0006407404359179204
113,THR,0.002564048595140472,0.0019849879174125675,0.0,0.011685485801195043
114,MET,0.0005954304569543038,0.0005440231475623555,1.999800019998e-05,0.0031559503467975935
115,SER,0.0,0.0,,
116,GLU,0.0011609039096090383,0.0008698605516264599,9.999000099990002e-06,0.00517988137221226
117,ASN,0.0024901559844015637,0.0019684384794181552,1.999800019998e-05,0.011822623413388932
118,LEU,5.559944005599453e-05,4.936860586952018e-05,0.0,0.0002747865824978782
119,ARG,5.5299470052994494e-05,4.216876660252387e-05,0.0,0.00021997800219978003
120,ARG,0.004050999900009984,0.0029137969274174976,4.999500049995001e-06,0.013413854485270778
121,ASN,0.0013253574642535803,0.0011668739411145447,3.999600039996e-05,0.006892400419943503
122,LEU,0.0,0.0,,
123,ALA,2.017798220177956e-05,1.9816200949463776e-05,0.0,0.00010492587932201157
124,ALA,0.00040258474152585043,0.00033089665948615304,0.0,0.0019585325151520315
125,LEU,0.0,0.0,,
126,GLU,2.9877012298769983e-05,3.0071734555944175e-05,0.0,0.00016031207623230982
127,ALA,0.00011058894110588905,8.48634362411931e-05,0.0,0.00049008077536354
128,LYS,0.0009323267673232667,0.0008409296987112133,9.999000099990002e-06,0.0049339315299846325
129,ILE,0.0,0.0,,
130,SER,0.0,0.0,,
131,GLU,0.0014321817818218063,0.001372827611901808,0.0,0.007778518841977345
132,ALA,0.0,0.0,,
133,LYS,5.154484551544774e-06,4.966962478285032e-06,0.0,2.4997500249975e-05
134,THR,0.00012670732926707367,9.167806221054906e-05,9.999000099990002e-06,0.00047938646438958966
135,LYS,0.0004132636736326368,0.00036849628137047965,9.999000099990002e-06,0.0021695574961094954
136,LYS,0.0,0.0,,
137,ASN,0.00022164283571643055,0.0002135793865662556,0.0,0.001074892510748925
138,MET,0.001025027497250277,0.0009186773197791842,5.9994000599939994e-05,0.0052013441651682325
139,LEU,0.00020212978702130002,0.0001753816989789343,0.0,0.0009894896524788438
140,GLN,5.669933006699289e-05,5.46365872611357e-05,0.0,0.000274972502749725
141,ALA,0.00013120187981201912,0.00011869212993789594,4.999500049995001e-06,0.0006895868455117229
142,ARG,0.0038380961903809784,0.003428229291865301,0.0001999800019998,0.019052302184406955
143,ALA,1.509849015098476e-05,1.0548888300652075e-05,0.0,4.999500049995e-05
144,LYS,0.000205024497550245,0.00016784417076689447,1.9998000199980004e-05,0.0008749125087491249
145,ALA,0.0002623137686231389,0.00025761061234302884,0.0,0.0013640364311861503
146,ALA,0.00023594140585941388,0.00016481665741356738,4.999500049995e-05,0.0009409536221117243
147,LYS,0.001687811218878112,0.0009096080123881455,0.00042110957049772596,0.004683743544922733
148,ALA,0.0011451954804519537,0.0009622525779934539,6.999300069993e-05,0.0051166630003777235
149,ASN,0.004320002999700021,0.0023032641108293016,0.001343645381373197,0.011724991487009362
150,ALA,0.002615483451654834,0.0012861782294262966,0.000735413914721267,0.006658263128021166
151,GLU,0.003506794320567939,0.001797096890379007,0.0013151725182706832,0.00975495814655338
152,LEU,0.0060906709329067105,0.00237463430732396,0.002714930908302658,0.012462939863232741
153,GLN,0.008533341665833409,0.0045339627741884094,0.003104563675197371,0.02669052990465195
154,GLN,0.01020010998900109,0.003797828743669576,0.004447344271280665,0.019796143170034954
155,THR,0.008077437256274364,0.002682639363678365,0.0037408717358795767,0.014725188417956284
156,LEU,0.014899145085491458,0.005796342918481982,0.006400944761950102,0.03099904831571553
